{
  "version": 1,
  "author": "dj1420",
  "editor": "wokwi",
  "parts": [
    { "type": "wokwi-arduino-mega", "id": "mega", "top": 96.6, "left": 6, "attrs": {} },
    { "type": "wokwi-ili9341", "id": "lcd2", "top": -200.8, "left": 479.7, "attrs": {} },
    {
      "type": "wokwi-pushbutton",
      "id": "btn1",
      "top": 73.4,
      "left": 921.6,
      "attrs": { "color": "white", "key": "ArrowRight" }
    },
    {
      "type": "wokwi-resistor",
      "id": "r1",
      "top": 292.8,
      "left": 652.25,
      "rotate": 90,
      "attrs": { "value": "10000" }
    },
    {
      "type": "wokwi-pushbutton",
      "id": "btn2",
      "top": 92.6,
      "left": 672,
      "attrs": { "color": "white", "key": "ArrowLeft" }
    },
    {
      "type": "wokwi-resistor",
      "id": "r2",
      "top": 312,
      "left": 767.45,
      "rotate": 270,
      "attrs": { "value": "10000" }
    },
    {
      "type": "wokwi-pushbutton",
      "id": "btn3",
      "top": 150.2,
      "left": 777.6,
      "attrs": { "color": "white", "key": "ArrowDown" }
    },
    {
      "type": "wokwi-pushbutton",
      "id": "btn4",
      "top": -3.4,
      "left": 777.6,
      "attrs": { "color": "white", "key": "ArrowUp" }
    },
    {
      "type": "wokwi-resistor",
      "id": "r3",
      "top": -62.4,
      "left": 709.85,
      "rotate": 90,
      "attrs": { "value": "10000" }
    },
    {
      "type": "wokwi-resistor",
      "id": "r4",
      "top": 291.4,
      "left": 719.15,
      "rotate": 270,
      "attrs": { "value": "10000" }
    },
    {
      "type": "wokwi-buzzer",
      "id": "bz1",
      "top": -218.4,
      "left": 942.6,
      "attrs": { "volume": "0.1" }
    }
  ],
  "connections": [
    [ "lcd2:VCC", "mega:5V", "red", [ "v230.4", "h-355.2" ] ],
    [ "lcd2:GND", "mega:GND.2", "black", [ "v240", "h-355.2" ] ],
    [ "mega:6", "lcd2:CS", "green", [ "v-28.8", "h216.4", "v124.8", "h134.4" ] ],
    [ "mega:7", "lcd2:D/C", "violet", [ "v-38.4", "h236", "v124.8", "h124.8" ] ],
    [ "mega:11", "lcd2:MOSI", "gold", [ "v-48", "h297.2", "v124.8", "h124.8" ] ],
    [ "lcd2:SCK", "mega:13", "blue", [ "v19.2", "h-115.21", "v-67.2", "h-9.6" ] ],
    [ "lcd2:LED", "mega:5V.2", "orange", [ "v0" ] ],
    [ "lcd2:MISO", "mega:12", "white", [ "v124.8", "h-201.61", "v-124.8", "h-57.6" ] ],
    [ "lcd2:RST", "mega:10", "green", [ "v48", "h-96", "v-86.4", "h-288" ] ],
    [ "mega:3.3V", "btn1:1.l", "red", [ "v74.1", "h549.4" ] ],
    [ "r1:1", "mega:GND.5", "black", [ "h0" ] ],
    [ "r1:2", "btn1:2.l", "black", [ "v8.4", "h48", "v-249.8" ] ],
    [ "btn1:2.r", "mega:18", "cyan", [ "h19.4", "v153.8", "h-511.1" ] ],
    [ "mega:3.3V", "btn2:1.l", "red", [ "v170.1", "h664.6", "v0", "h38.4", "v-393.6" ] ],
    [ "mega:19", "btn2:2.r", "cyan", [ "v124.8", "h664.3", "v-153.6" ] ],
    [ "btn2:2.l", "r2:2", "black", [ "h-48", "v211.4", "h-19.2" ] ],
    [ "mega:GND.3", "r2:1", "black", [ "v131.7", "h539.85", "v-19.2", "h67.2" ] ],
    [ "mega:3.3V", "btn4:1.l", "red", [ "v141.3", "h-237.8", "v-700.8", "h854.4", "v19.2" ] ],
    [
      "mega:3.3V",
      "btn3:1.l",
      "red",
      [ "v54.9", "h-189.8", "v-499.2", "h76.8", "v-96", "h672", "v307.2", "h28.8" ]
    ],
    [ "btn4:2.r", "mega:20", "cyan", [ "h19.4", "v-249.4", "h-480" ] ],
    [ "btn3:2.r", "mega:21", "cyan", [ "h38.6", "v-422.2", "h-576", "v259.2", "h38.4" ] ],
    [ "r3:2", "btn4:2.l", "black", [ "h0", "v56.4" ] ],
    [ "mega:GND.1", "r3:1", "black", [ "v-316.8", "h691" ] ],
    [ "btn3:2.l", "r4:2", "black", [ "h0" ] ],
    [ "r4:1", "mega:GND.2", "black", [ "h0", "v57.6", "h-566.4" ] ],
    [ "bz1:2", "mega:9", "red", [ "v0", "h86", "v-182.4", "h-720", "v297.6", "h-163.2" ] ],
    [ "bz1:1", "mega:GND.1", "black", [ "v0", "h-57.6", "v-249.6", "h-768" ] ]
  ],
  "dependencies": {}
}